date,full url,changes
2025-09-09,https://zmoki.xyz/feed/2-why-im-building-a-digital-garden/,published
2025-09-10,https://zmoki.xyz/feed/3-remembering-grounding-technique/,published
2025-09-11,https://zmoki.xyz/feed/4-neurodivergent-glossary/,published
2025-09-18,https://zmoki.xyz/feed/1-about-me/,published
2025-09-21,https://zmoki.xyz/feed/5-day-themes-system/,published
2025-09-29,https://zmoki.xyz/feed/6-tbilisi-swaps-guide/,published
2025-10-17,https://zmoki.xyz/feed/7-nerdy-curiosity-better-work/,published
2025-10-19,https://zmoki.xyz/feed/1-about-me/,modified
2025-10-19,https://zmoki.xyz/feed/2-why-im-building-a-digital-garden/,modified
2025-10-19,https://zmoki.xyz/feed/3-remembering-grounding-technique/,modified
2025-10-19,https://zmoki.xyz/feed/4-neurodivergent-glossary/,modified
2025-10-19,https://zmoki.xyz/feed/5-day-themes-system/,modified
2025-10-19,https://zmoki.xyz/feed/6-tbilisi-swaps-guide/,modified
2025-10-19,https://zmoki.xyz/feed/7-nerdy-curiosity-better-work/,modified
2025-10-23,https://zmoki.xyz/feed/1-about-me/,modified
2025-10-23,https://zmoki.xyz/feed/2-why-im-building-a-digital-garden/,modified
2025-10-23,https://zmoki.xyz/feed/3-remembering-grounding-technique/,modified
2025-10-23,https://zmoki.xyz/feed/4-neurodivergent-glossary/,modified
2025-10-24,https://zmoki.xyz/feed/4-neurodivergent-glossary/,modified
2025-10-24,https://zmoki.xyz/feed/5-day-themes-system/,modified
2025-10-24,https://zmoki.xyz/feed/6-tbilisi-swaps-guide/,modified
2025-10-24,https://zmoki.xyz/feed/7-nerdy-curiosity-better-work/,modified
2025-10-24,https://zmoki.xyz/feed/8-one-for-one-sprints-technique/,published
2025-10-25,https://zmoki.xyz/feed/1-about-me/,modified
2025-10-25,https://zmoki.xyz/feed/5-day-themes-system/,modified
2025-10-25,https://zmoki.xyz/feed/6-tbilisi-swaps-guide/,modified
2025-11-07,https://zmoki.xyz/feed/1-about-me/,modified
2025-11-07,https://zmoki.xyz/feed/5-day-themes-system/,modified
2025-11-07,https://zmoki.xyz/feed/9-next-exhibition-deadline-map-tbilisi-art-spaces/,published
2025-11-10,https://zmoki.xyz/feed/9-next-exhibition-deadline-map-tbilisi-art-spaces/,modified
2025-11-15,https://zmoki.xyz/feed/10-multi-passionate-reading-list/,published
2025-11-22,https://zmoki.xyz/feed/10-multi-passionate-reading-list/,modified
2025-11-22,https://zmoki.xyz/feed/11-my-notebooks/,published
2025-11-30,https://zmoki.xyz/feed/12-air-quality-awareness/,published
2025-12-02,https://zmoki.xyz/feed/13-new-website-seo-checklist/,published